Factor,Correlation
GDP Per Capita,0.7897596965098936
Life Expectancy,0.7680994550105208
Social Support,0.7568876453635002
Freedom Of Choice,0.6077530656580242
Generosity,-0.017799276922640758
Perceived Corruption,-0.4211399967385786
